序号,Excel行号,生产线,订单号,P-R订单号转换,本廠型號,客戶型號,訂單數量,OTS期
1,5,D1,PSO2501380,PSO2501380,SP8289,121KW,5000,2025/9/1 0:00
2,6,D1,PSO2501381,PSO2501381,SP8289,121KW,10000,8749/3/5 0:00
3,7,D1,PSO2501279,PSO2501279,SP8356,D374DE,2502,2025/9/2 0:00
4,8,D1,PSO2501214,PSO2501214,SP8286,246TBES,6,2025/8/20 0:00
5,9,D1,PSO2501032,PSO2501032,SP8356,D373E,3300,2025/9/2 0:00
6,10,D1,PSO2501213,PSO2501213,SP8286,246TBES,13321,2025/8/20 0:00
7,11,D1,PSO2501519,PSO2501519,SP8356,D374DCHE,1500,2025/9/2 0:00
8,12,D1,PSO2500829,PSO2500829,SP8323,B307,144,2025/9/5 0:00
9,13,D1,PSO2501369,PSO2501369,SP8271,169WIW,2504,2025/9/10 0:00
10,14,D1,PSO2501602,PSO2501602,SP8356,D374DE,6000,2025/9/16 0:00
11,15,D1,PSO2501484,PSO2501484,SP8356,D374DE,3600,2025/9/22 0:00
12,16,D1,PSO2501596,PSO2501596,SP8271,169BIWC,2500,2025/9/22 0:00
13,17,D1,PSO2501194,PSO2501194,SP8381,209AMZES,6,2025/9/30 0:00
14,18,D1,PSO2501191,PSO2501191,SP8381,209AMZES,2505,2025/9/30 0:00
15,19,D1,PSO2501677,PSO2501677,SP8323,BPA2800N,605,2025/10/3 0:00
16,20,D1,PSO2501676,PSO2501676,SP8323,SBA307W,3005,2025/10/3 0:00
17,21,D1,PSO2501772,PSO2501772,SP8323,B307,1080,2025/10/5 0:00
18,22,D1,PSO2501773,PSO2501773,SP8323,B307,960,2025/10/5 0:00
19,30,D2,PSO2501381,PSO2501381,SP8289,121KW,10000,8749/3/5 0:00
20,31,D2,PSO2501060,PSO2501060,SP8288,D217DSE,10025,2025/8/25 0:00
21,32,D2,PSO2501060,PSO2501060,SP8288,D217DSE,7500,2025/9/1 0:00
22,33,D2,PSO2501332,PSO2501332,SP8016,BRHD215CHE,509,2025/9/2 0:00
23,34,D2,PSO2500948,PSO2500948,SP8016,BRHD215E,2003,2025/9/2 0:00
24,35,D2,PSO2501517,PSO2501517,SP8016,BRHD225CHE,240,2025/9/8 0:00
25,36,D2,PSO2501337,PSO2501337,SP8016,BRHD225E,3300,2025/9/5 0:00
26,37,D2,PSO2501340,PSO2501340,SP8016,BRHD200E,2512,2025/9/5 0:00
27,38,D2,PSO2501537,PSO2501537,SP8660,134WC,2500,2025/9/9 0:00
28,39,D2,PSO2501575,PSO2501575,SP2505,CLS1XU,4008,2025/9/12 0:00
29,40,D2,PSO2501455,PSO2501455,SP8288,D215DSDE,1500,2025/9/22 0:00
30,42,D2,PSO2501342,PSO2501342,SP8016,BRHD225E,2700,2025/9/22 0:00
31,43,D2,PSO2501582,PSO2501582,SP8016,BRHD200SDE,2502,2025/9/23 0:00
32,44,D2,PSO2501584,PSO2501584,SP8016,BRHD226SDE,2502,2025/9/23 0:00
33,45,D2,PSO2501557,PSO2501557,SP8012,889CGD,19008,2025/9/22 0:00
34,46,D2,PSO2501558,PSO2501558,SP8012,889CGD,19008,2025/9/29 0:00
35,47,D2,PSO2501576,PSO2501576,SP2505,CLS1XU,5004,2025/9/30 0:00
36,48,D2,PSO2501625,PSO2501625,SP8328,289LC,2507,2025/9/29 0:00
37,49,D2,PSO2501554,PSO2501554,SP8349,VSD362BA,2504,2025/9/30 0:00
38,50,D2,PSO2501583,PSO2501583,SP8016,BRHD200SDE,2502,2025/10/3 0:00
39,51,D2,PSO2501061,PSO2501061,SP8288,D217DSE,17508,2025/10/7 0:00
40,58,D3,PSO2501123,PSO2501123,SP8019,AS6550ES,2502,2025/8/23 0:00
41,59,D3,PSO2500197,PSO2500197,SP8029,BAB6880E,3504,2025/8/25 0:00
42,60,D3,PSO2501755,PSO2501755,SP8029,BAB6880E,20,2025/9/10 0:00
43,61,D3,PSO2501752,PSO2501752,件8019,AS6555E-GB,10,2025/8/25 0:00
44,62,D3,PSO2501461,PSO2501461,件8019,AS6554E,200,2025/9/1 0:00
45,63,D3,PSO2501506,PSO2501506,件8019,AS6554E,304,2025/9/5 0:00
46,64,D3,PSO2501507,PSO2501507,件8019,AS6556E,200,2025/9/5 0:00
47,65,D3,PSO2501312,PSO2501312,D8019,ACAS6550DIF,4176,2025/9/2 0:00
48,66,D3,PSO2501628,PSO2501628,D8019,ACAS6550DIF,504,2025/9/2 0:00
49,67,D3,PSO2500021,PSO2500021,SP8019,AS6555E,7804,2025/9/1 0:00
50,69,D3,PSO2501036,PSO2501036,SP8019,AS6555U,2502,2025/9/8 0:00
51,70,D3,PSO2501475,PSO2501475,SP8019,AS6550E,1500,2025/9/5 0:00
52,71,D3,PSO2500976,PSO2500976,SP8019,AS6550E,8528,2025/9/2 0:00
53,72,D3,PSO2500769,PSO2500769,SP8019,AS6550E,6000,2025/9/15 0:00
54,73,D3,PSO2501212,PSO2501212,SP3861,FXSSMG,1386,2025/8/19 0:00
55,74,D3,PSO2501295,PSO2501295,SP3861,FXSSMG,2502,2025/9/2 0:00
56,75,D3,PSO2500769,PSO2500769,SP8019,AS6550E,8000,2025/9/22 0:00
57,76,D3,PSO2500769,PSO2500769,SP8019,AS6550E,7000,2025/9/29 0:00
58,77,D3,PSO2501630,PSO2501630,SP8019,AS6550SDE,1505,2025/9/22 0:00
59,78,D3,PSO2501761,PSO2501761,SP8029,BAB6880U,30,2025/9/30 0:00
60,79,D3,PSO2501287,PSO2501287,SP8029,BAB6880E,2504,2025/10/3 0:00
61,80,D3,PSO2501564,PSO2501564,SP8019,AS6555U,2504,2025/10/8 0:00
62,81,D3,PSO2500984,PSO2500984,SP8019,AS6550E,12000,2025/10/7 0:00
63,82,D3,PSO2500021,PSO2500021,SP8019,AS6555E,1500,2025/10/27 0:00
64,87,D3,PSO2501220,PSO2501220,SP8021,1000,8550,2025/9/6 0:00
65,88,D4,PSO2501349,PSO2501349,SP8888,2764U,2508,2025/8/19 0:00
66,89,D4,PSO2501290,PSO2501290,SP8533,P1200DBR,11004,2025/8/30 0:00
67,90,D4,PSO2501291,PSO2501291,SP8533,P1200DBR,11004,2025/9/8 0:00
68,91,D4,PSO2501292,PSO2501292,SP8533,P1200DBR,11004,2025/9/20 0:00
69,92,D4,PSO2501304,PSO2501304,SP8533,P1200-2DAR,1385,2025/9/30 0:00
70,93,D4,PSO2501306,PSO2501306,SP8533,P1200-2DUZ,401,2025/9/30 0:00
71,94,D4,PSO2501373,PSO2501373,SP8533,P1200-2DUZ,1002,2025/9/30 0:00
72,95,D4,PSO2501375,PSO2501375,SP8533,P1200-2DUZ,552,2025/9/30 0:00
73,96,D4,PSO2501559,PSO2501559,SP8012,889CGD,12312,2025/10/10 0:00
74,111,D5,PSO2501311,PSO2501311,SP8022,D6555DE,2500,2025/8/5 0:00
75,112,D5,PSO2501020,PSO2501020,SP8022,D6555DCHE,504,2025/8/22 0:00
76,113,D5,PSO2500965,PSO2500965,SP8022,D6555DE,4500,2025/8/11 0:00
77,114,D5,PSO2501213,PSO2501213,SP8286,246TBES,13321,2025/8/20 0:00
78,115,D5,PSO2501538,PSO2501538,SP3868,#31675,2525,2025/8/20 0:00
79,116,D5,PSO2501539,PSO2501539,SP3868,#90-0983,4829,2025/8/20 0:00
80,117,D5,PSO2501540,PSO2501540,SP3868,#704370.2,4698,2025/8/20 0:00
81,118,D5,PSO2500967,PSO2500967,SP2573,MT725E,2502,2025/9/2 0:00
82,119,D5,PSO2501556,PSO2501556,SP8012,889CGD,4752,2025/9/15 0:00
83,120,D5,PSO2501006,PSO2501006,SP8012,889CGDES,4752,2025/9/20 0:00
84,121,D5,PSO2501167,PSO2501167,SP8022,D6555DSDE,2504,2025/8/18 0:00
85,122,D5,PSO2501476,PSO2501476,SP8022,D6555DE,600,2025/9/5 0:00
86,123,D5,PSO2501317,PSO2501317,SP8022,D6555DE,1900,2025/9/2 0:00
87,124,D5,PSO2501520,PSO2501520,SP8022,D6555DCHE,504,2025/9/8 0:00
88,125,D5,PSO2500968,PSO2500968,SP2573,MT726E,4500,2025/9/2 0:00
89,126,D5,PSO2501319,PSO2501319,SP2573,MT727E,2502,2025/9/2 0:00
90,127,D5,PSO2501573,PSO2501573,SP2388,7498CU,1500,2025/9/22 0:00
91,128,D5,PSO2501724,PSO2501724,散件,#87-0841,403,2025/9/22 0:00
92,129,D5,PSO2501523,PSO2501523,SP3858,SSW12C-B,4494,2025/9/10 0:00
93,130,D5,PSO2501641,PSO2501641,SP3858,SSW12C,4578,2025/9/30 0:00
94,131,D5,PSO2501638,PSO2501638,SP3855,SSW10C,6306,2025/9/30 0:00
95,132,D5,PSO2501562,PSO2501562,SP8022,D6555DU,1500,2025/9/30 0:00
96,133,D5,PSO2501574,PSO2501574,SP2388,7498CU,1500,2025/9/30 0:00
97,134,D5,PSO2500981,PSO2500981,SP2575,E786E,2502,2025/10/2 0:00
98,139,D6,PSO2500538,PSO2500538,SP8030,BRHD150E,5004,2025/9/1 0:00
99,140,D6,PSO2402949,PSO2402949,SP8030,BRHD155E,5009,2025/8/19 0:00
100,141,D6,PSO2500539,PSO2500539,SP8030,BRHD155E,4002,2025/9/1 0:00
101,142,D6,PSO2501334,PSO2501334,SP8030,BRHD155E,2018,2025/9/2 0:00
102,143,D6,PSO2500947,PSO2500947,SP8030,BRHD150E,3000,2025/8/25 0:00
103,144,D6,PSO2501402,PSO2501402,SP2396,VSM7056A,500,2025/9/5 0:00
104,145,D6,PSO2501399,PSO2501399,SP2396,VSM7056A,2000,2025/9/5 0:00
105,146,D6,PSO2501560,PSO2501560,SP2396,7056U,3000,2025/9/15 0:00
106,147,D6,PSO2501360,PSO2501360,SP3862,#70-0151,2502,2025/9/22 0:00
107,148,D6,PSO2501359,PSO2501359,SP3862,#70-0151,7968,2025/9/22 0:00
108,149,D6,PSO2501358,PSO2501358,SP3866,#0201,2007,2025/9/30 0:00
109,150,D6,PSO2501580,PSO2501580,SP8030,BRHD150SDE,5009,2025/9/23 0:00
110,163,D7,PSO2501500,PSO2501500,SP2573,MT728E,2004,2025/9/2 0:00
111,164,D7,RSO2500053,RSO2500053,SP8026,305,11786,2025/9/1 0:00
112,165,D7,PSO2500874,PSO2500874,SP5031,CPM-150C,2880,2025/9/2 0:00
113,166,D7,PSO2500875,PSO2500875,SP5031,CPM-150C,2880,2025/9/10 0:00
114,167,D7,PSO2501216,PSO2501216,SP2550,LWD5TBES,6,2025/8/20 0:00
115,168,D7,PSO2501215,PSO2501215,SP2550,LWD5TBES,19979,2025/8/20 0:00
116,169,D7,PSO2501441,PSO2501441,SP2550,LWD5ES,2500,2025/9/9 0:00
117,170,D7,PSO2500876,PSO2500876,SP5031,CPM-150C,2880,2025/9/2 0:00
118,171,D7,PSO2501443,PSO2501443,SP8002,330ES,3000,2025/9/9 0:00
119,172,D7,PSO2501715,PSO2501715,SP8002,332,3300,2025/9/10 0:00
120,173,D7,PSO2501512,PSO2501512,SP8002,330C,5000,2025/9/16 0:00
121,174,D7,PSO2501502,PSO2501502,SP5031,CPM-150,3000,2025/9/15 0:00
122,175,D7,PSO2501503,PSO2501503,SP5031,CPM-150,3000,2025/9/19 0:00
123,176,D7,PSO2501501,PSO2501501,SP5031,CPM-150W,2400,2025/9/25 0:00
124,177,D7,PSO2501501,PSO2501501,SP5031,CPM-150W,1600,2025/9/25 0:00
125,178,D7,PSO2501734,PSO2501734,SP5031,CPM-150C,2520,2025/10/2 0:00
126,179,D7,PSO2501609,PSO2501609,SP8316,247BWC,2500,2025/9/30 0:00
127,180,D7,PSO2501765,PSO2501765,SP8289,121L,3005,2025/9/25 0:00
128,181,D7,PSO2501571,PSO2501571,SP2573,7255U,3000,2025/9/30 0:00
129,182,D7,PSO2501486,PSO2501486,SP2573,MT727E,2502,2025/10/7 0:00
130,183,D7,PSO2501485,PSO2501485,SP2573,MT725E,2502,2025/10/7 0:00
131,184,D7,PSO2501329,PSO2501329,SP2573,MT725E,3000,2025/10/7 0:00
132,185,D7,PSO2501330,PSO2501330,SP2573,MT726E,3300,2025/10/7 0:00
133,190,D8,PSO2500954,PSO2500954,SP8875,AS121E,12000,2025/8/11 0:00
134,191,D8,PSO2501452,PSO2501452,SP8875,AS115PSDE,2502,2025/8/25 0:00
135,192,D8,PSO2500535,PSO2500535,SP8538,BRAS152E,5004,2025/9/1 0:00
136,193,D8,PSO2500866,PSO2500866,SP8875,BC127GDES,3720,2025/8/24 0:00
137,194,D8,PSO2500972,PSO2500972,SP8875,AS121E,2502,2025/9/2 0:00
138,195,D8,PSO2501310,PSO2501310,SP8875,AS122E,2502,2025/9/2 0:00
139,196,D8,PSO2500867,PSO2500867,SP8875,BC127GDES,3720,2025/9/8 0:00
140,198,D8,PSO2501447,PSO2501447,SP8875,AS115SDE,1254,2025/9/10 0:00
141,199,D8,PSO2501367,PSO2501367,SP8316,047BW,3000,2025/9/10 0:00
142,200,D8,PSO2501368,PSO2501368,SP8316,047W,2504,2025/9/10 0:00
143,201,D8,PSO2501577,PSO2501577,SP8538,BRAS150SDE,5009,2025/9/18 0:00
144,202,D8,PSO2501382,PSO2501382,SP8006,565L,5005,2025/9/13 0:00
145,203,D8,PSO2501383,PSO2501383,SP8006,565DCNR,10000,2025/9/20 0:00
146,204,D8,PSO2501445,PSO2501445,SP8013,303ES,2500,2025/9/22 0:00
147,205,D8,PSO2501624,PSO2501624,SP8286,246LC,3506,2025/9/29 0:00
148,219,,PSO2500346,PSO2500346,P8015,KHSPF00001,20000,2025/3/15 0:00
149,220,C1,PSO2501010,PSO2501010,SP8515,AS138SE,8009,2025/8/25 0:00
150,221,C1,PSO2501010,PSO2501010,SP8515,AS138SE,6996,2025/9/1 0:00
151,222,C1,PSO2501198,PSO2501198,件8515,VSHA2136A-GB,20,2025/9/4 0:00
152,223,C1,PSO2501199,PSO2501199,件8515,VSHA2136A-MC,10,2025/9/4 0:00
153,224,C1,PSO2500936,PSO2500936,SP8019,AS6550CE,2507,2025/8/25 0:00
154,225,C1,PSO2500796,PSO2500796,SP8228,BAB5586NC,1500,2025/9/1 0:00
155,226,C1,PSO2402337,PSO2402337,SP8259,BNT5550NC,1302,2025/9/1 0:00
156,227,C1,PSO2501370,PSO2501370,SP8228,BHOSPBK6689,2508,2025/9/10 0:00
157,228,C1,PSO2501460,PSO2501460,件8008,NHTDC000,15000,2025/9/8 0:00
158,229,C1,PSO2501459,PSO2501459,件8008,KHTDC000,15000,2025/9/8 0:00
159,230,C1,PSO2501729,PSO2501729,D8015,KHYAPF0001,30000,2025/9/15 0:00
160,231,C1,PSO2501513,PSO2501513,SP8343,5549NC,2500,2025/9/19 0:00
161,232,C1,PSO2500868,PSO2500868,SP8875,BC127GDES,3720,2025/9/22 0:00
162,233,C1,PSO2501446,PSO2501446,SP8875,BC123ES,2502,2025/9/22 0:00
163,234,C7,PSO2501790,PSO2501790,"件8515
件8875","AS115SDE
AS136SDE-GB",8,2025/9/25 0:00
164,235,C1,PSO2501651,PSO2501651,SP8875,AS115PSDE(low Cost),1002,2025/9/25 0:00
165,236,C1,PSO2501654,PSO2501654,SP8875,AS115PSDE(low Cost),1500,2025/9/25 0:00
166,237,C1,PSO2501591,PSO2501591,SP8875,AS115SDE,3000,2025/9/29 0:00
167,238,C1,PSO2501653,PSO2501653,SP8875,AS115SDE(low Cost),2502,2025/9/29 0:00
168,239,C1,PSO2501643,PSO2501643,SP8875,BC125DBC,2500,2025/9/29 0:00
169,240,C1,PSO2501303,PSO2501303,SP8875,BC116RAR,1109,2025/9/30 0:00
170,241,C1,PSO2501305,PSO2501305,SP8875,BC116RUZ,275,2025/9/30 0:00
171,242,C1,PSO2501372,PSO2501372,SP8875,BC116RUZ,1002,2025/9/30 0:00
172,243,C1,PSO2501374,PSO2501374,SP8875,BC116RUZ,552,2025/9/30 0:00
173,250,C2,PSO2501742,PSO2501742,件8019,AS6555E-GB,10,2025/8/11 0:00
174,251,C2,PSO2501743,PSO2501743,件8029,BAB6880E-GB,10,2025/8/11 0:00
175,252,C2,PSO2501744,PSO2501744,件8019,AS6554E-GB,10,2025/8/11 0:00
176,253,C2,PSO2501753,PSO2501753,件8029,BAB6880E-GB,6,2025/8/25 0:00
177,254,C2,PSO2501754,PSO2501754,件8536,AS6400E-GB,10,2025/8/25 0:00
178,255,C2,PSO2402857,PSO2402857,SP8536,AS6400U,1676,2025/8/25 0:00
179,256,C2,PSO2501550,PSO2501550,件8536,AS6400E,100,2025/7/16 0:00
180,257,C2,PSO2500020,PSO2500020,SP8536,AS6400E,30,2025/8/25 0:00
181,258,C2,PSO2501786,PSO2501786,件8536,AS6400E-GB,10,2025/9/1 0:00
182,259,C2,PSO2500019,PSO2500019,SP8536,AS6400E,1715,2025/8/31 0:00
183,260,C2,PSO2500221,PSO2500221,SP8029,BAB6880U,3015,2025/8/25 0:00
184,261,C2,PSO2500992,PSO2500992,SP8878,AS82E,2502,2025/9/2 0:00
185,262,C2,PSO2500021,PSO2500021,SP8019,AS6555E,7804,2025/9/1 0:00
186,263,C2,PSO2500019,PSO2500019,SP8536,AS6400E,3294,2025/9/1 0:00
187,264,C2,PSO2501027,PSO2501027,SP8536,AS6400CHE,1500,2025/9/10 0:00
188,265,C2,PSO2500932,PSO2500932,SP8029,BAB6880E,3310,2025/9/1 0:00
189,266,C2,PSO2501606,PSO2501606,SP8029,BAB6880CHE,519,2025/9/2 0:00
190,267,C2,PSO2500800,PSO2500800,SP8029,BAB6880E,4500,2025/9/9 0:00
191,269,C2,PSO2501440,PSO2501440,SP8878,VSAS80PIK,5004,2025/9/17 0:00
192,270,C2,PSO2500977,PSO2500977,SP8878,AS82E,12000,2025/9/2 0:00
193,271,C2,PSO2501496,PSO2501496,SP8832,AS86E,3000,2025/9/9 0:00
194,272,C2,PSO2500559,PSO2500559,SP8536,AS6400E,5004,2025/9/25 0:00
195,273,C2,PSO2501031,PSO2501031,SP8536,AS6400CHE,1505,2025/9/26 0:00
196,274,C2,PSO2402857,PSO2402857,SP8536,AS6400U,6360,2025/9/29 0:00
197,275,,PSO2501323,PSO2501323,SP8832,AS86E,5400,2025/9/22 0:00
198,276,,PSO2501644,PSO2501644,SP8878,BC80QSDMC,2502,2025/9/29 0:00
199,281,C3,PSO2500338,PSO2500338,SP8392,5573U,5004,2025/8/11 0:00
200,282,C3,PSO2500966,PSO2500966,SP8392,D773DE,3000,2025/8/11 0:00
201,283,C3,PSO2501175,PSO2501175,SP8325,259NC,5000,2025/8/29 0:00
202,284,C3,TSO2500217,TSO2500217,SP8011,999,6000,試產
203,285,C3,PSO2500200,PSO2500200,SP8005,BNT9100,2502,2025/9/1 0:00
204,286,C3,PSO2500919,PSO2500919,SP8011,999BRB,500,2025/8/30 0:00
205,287,C3,PSO2501762,PSO2501762,SP8011,999BRB,2000,2025/12/10 0:00
206,288,C3,PSO2501396,PSO2501396,SP8325,259GWKDC,6,2025/8/25 0:00
207,289,C3,PSO2501457,PSO2501457,SP8325,259GWKDC,25,2025/8/25 0:00
208,290,C3,PSO2501395,PSO2501395,SP8325,259GWKDC,800,2025/8/25 0:00
209,291,C3,PSO2501354,PSO2501354,SP8325,259GWKDC,2507,2025/8/25 0:00
210,292,C3,PSO2501398,PSO2501398,SP8325,259EWKDC,6,2025/8/25 0:00
211,293,C3,PSO2501458,PSO2501458,SP8325,259EWKDC,25,2025/8/25 0:00
212,294,C3,PSO2501355,PSO2501355,SP8325,259EWKDC,2507,2025/8/25 0:00
213,295,C3,PSO2501397,PSO2501397,SP8325,259EWKDC,800,2025/8/25 0:00
214,296,C3,PSO2500338,PSO2500338,SP8392,5573U,5004,2025/9/2 0:00
215,297,C3,PSO2501318,PSO2501318,SP8392,D773DE,2004,2025/9/2 0:00
216,298,C3,PSO2501516,PSO2501516,SP8018,BRHD435CHE,504,2025/9/8 0:00
217,299,C3,PSO2501338,PSO2501338,SP8018,BRHD425E,2502,2025/9/5 0:00
218,300,C3,PSO2501184,PSO2501184,SP8018,898BRC,25,2025/9/15 0:00
219,301,C3,PSO2501183,PSO2501183,SP8018,898BRC,2518,2025/9/15 0:00
220,302,C3,PSO2501339,PSO2501339,SP8018,BRHD435E,2502,2025/9/22 0:00
221,303,C3,PSO2501522,PSO2501522,SP8298,5344BU,3000,2025/9/15 0:00
222,304,C3,PSO2501629,PSO2501629,SP8298,5344SDE,2502,2025/9/22 0:00
223,305,C3,PSO2501656,PSO2501656,SP8298,5344SDE,2502,2025/9/29 0:00
224,306,C3,PSO2501555,PSO2501555,SP8395,VSD374A,1536,2025/9/30 0:00
225,307,C3,PSO2501626,PSO2501626,SP8392,910NC,3505,2025/9/29 0:00
226,308,C3,PSO2501585,PSO2501585,SP8018,BRHD435SDE,1254,2025/9/30 0:00
227,309,C3,PSO2501193,PSO2501193,SP8325,279AMZES,6,2025/9/30 0:00
228,310,C3,PSO2501190,PSO2501190,SP8325,279AMZES,2505,2025/9/30 0:00
229,311,C3,PSO2402801,PSO2402801,SP8005,BNT9100C,1200,2025/10/1 0:00
230,316,C5,PSO2501163,PSO2501163,SP8532,AS95SDE,2502,2025/7/30 0:00
231,317,C5,PSO2501686,PSO2501686,件 8515,AS138SE,200,2025/9/1 0:00
232,318,C5,PSO2501687,PSO2501687,件 8515,AS138SE,200,2025/9/1 0:00
233,319,C5,PSO2501688,PSO2501688,件 8515,AS138SE,200,2025/9/1 0:00
234,320,C5,PSO2501689,PSO2501689,件 8515,AS138SE,200,2025/9/1 0:00
235,321,C5,PSO2501690,PSO2501690,件 8515,AS138SE,200,2025/9/1 0:00
236,322,C5,PSO2501551,PSO2501551,件8515,AS138SE,200,2025/9/1 0:00
237,323,C5,PSO2501010,PSO2501010,SP8515,AS138SE,8009,2025/8/25 0:00
238,324,C5,PSO2500574,PSO2500574,SP8535,BC610C,2530,2025/8/15 0:00
239,325,C5,PSO2501647,PSO2501647,SP8535,BC610,5010,2025/8/31 0:00
240,326,C5,PSO2501521,PSO2501521,SP8515,AS126CHE,756,2025/9/2 0:00
241,327,C5,PSO2501038,PSO2501038,SP8515,2136U,14004,2025/8/19 0:00
242,328,C5,PSO2500731,PSO2500731,SP8535,BC610FRES,6,2025/9/10 0:00
243,329,C5,PSO2500698,PSO2500698,SP8535,BC610FRES,2525,2025/9/10 0:00
244,330,C5,PSO2501648,PSO2501648,SP8535,BC610,5000,2025/9/12 0:00
245,331,C5,PSO2500975,PSO2500975,SP8515,AS261E,2502,2025/9/2 0:00
246,332,C5,PSO2501510,PSO2501510,SP8515,AS136E,510,2025/9/5 0:00
247,333,C5,PSO2500974,PSO2500974,SP8515,AS136E,7200,2025/9/2 0:00
248,334,C5,PSO2501117,PSO2501117,SP8515,AS136SDE,1254,2025/9/15 0:00
249,335,C5,PSO2501652,PSO2501652,SP8515,AS136SDE,1002,2025/9/29 0:00
250,336,C5,PSO2501655,PSO2501655,SP8515,AS136SDE,1500,2025/9/29 0:00
251,337,C5,PSO2501592,PSO2501592,SP8515,AS128SDE,1500,2025/9/29 0:00
252,338,C5,PSO2501593,PSO2501593,SP8515,AS128SDE,1002,2025/9/29 0:00
253,339,C5,PSO2501012,PSO2501012,SP8515,AS138SE,15000,2025/10/7 0:00
254,343,C6,PSO2500594,PSO2500594,SP8533,P1200DAL,254,2025/5/27 0:00
255,344,C6,PSO2500595,PSO2500595,SP8875,BC116RAL,504,2025/5/27 0:00
256,345,C6,PSO2500909,PSO2500909,SP8875,BC121OES,2502,2025/9/17 0:00
257,346,C6,PSO2500865,PSO2500865,SP8875,BC127GDES,3720,2025/8/18 0:00
258,347,C6,PSO2500819,PSO2500819,SP8515,AS914PU,2508,2025/8/1 0:00
259,348,C6,PSO2501197,PSO2501197,SP8515,VSHA2136A,2500,2025/9/4 0:00
260,349,C6,PSO2501042,PSO2501042,SP8892,2885U,5004,2025/8/19 0:00
261,350,C6,PSO2500916,PSO2500916,SP8873,2735ABR,3000,2025/12/10 0:00
262,351,C6,PSO2500917,PSO2500917,SP8873,2735ABRB,9000,2025/12/10 0:00
263,352,C6,PSO2501110,PSO2501110,SP8873,2736E,2502,2025/8/20 0:00
264,353,C6,PSO2501509,PSO2501509,SP8873,AS960E,900,2025/9/5 0:00
265,354,C6,PSO2501116,PSO2501116,SP8873,AS960SDE,1248,2025/8/20 0:00
266,355,C6,PSO2501346,PSO2501346,SP8873,AS968U,4600,2025/8/26 0:00
267,356,C6,PSO2501453,PSO2501453,SP8515,AS136SDE,3000,2025/8/25 0:00
268,357,C6,PSO2501315,PSO2501315,SP8873,AS965E,2502,2025/9/2 0:00
269,358,C6,PSO2501400,PSO2501400,SP8873,VS2735GA,1500,2025/9/5 0:00
270,359,C6,PSO2501495,PSO2501495,SP8873,AS200E,2502,2025/9/9 0:00
271,360,C6,PSO2501498,PSO2501498,SP8873,AS962E,2502,2025/9/9 0:00
272,361,C6,PSO2501499,PSO2501499,SP8873,AS965E,5400,2025/9/12 0:00
273,362,C6,PSO2501347,PSO2501347,SP8873,AS968U,2004,2025/9/22 0:00
274,363,C6,PSO2501324,PSO2501324,SP8873,AS965E,2004,2025/9/22 0:00
275,364,C6,PSO2501482,PSO2501482,SP8873,AS965E,2502,2025/9/22 0:00
276,365,C6,PSO2501634,PSO2501634,SP8873,VS2735GA,1500,2025/9/25 0:00
277,366,C6,PSO2501665,PSO2501665,SP8873,AS965E,4200,2025/9/30 0:00
278,367,C6,PSO2501663,PSO2501663,SP8873,AS200E,11400,2025/9/30 0:00
279,368,,PSO2501664,PSO2501664,SP8873,AS200E,2700,2025/10/7 0:00
280,372,C7,PSO2501552,PSO2501552,件8510,AS953SE,200,2025/9/1 0:00
281,373,C7,PSO2500777,PSO2500777,SP8510,AS970E,3696,2025/9/2 0:00
282,374,C7,PSO2501691,PSO2501691,件8510,AS953SE,200,2025/9/1 0:00
283,375,C7,PSO2501692,PSO2501692,件8510,AS953SE,200,2025/9/1 0:00
284,376,C7,PSO2501054,PSO2501054,SP8510,AS953SE,3,2025/8/25 0:00
285,377,C7,PSO2501011,PSO2501011,SP8510,AS953SE,12005,2025/8/25 0:00
286,378,C7,PSO2501011,PSO2501011,SP8510,AS953SE,8004,2025/9/1 0:00
287,379,C7,PSO2501478,PSO2501478,SP8510,AS950E,1002,2025/9/5 0:00
288,380,C7,PSO2500903,PSO2500903,SP8531,BRAS221SDE,2507,2025/8/15 0:00
289,381,C7,PSO2500773,PSO2500773,SP8510,AS952E,9006,2025/9/2 0:00
290,382,C7,PSO2500980,PSO2500980,SP8510,AS970E,5700,2025/8/25 0:00
291,383,C7,PSO2501316,PSO2501316,SP8510,AS970E,2004,2025/9/2 0:00
292,384,C7,PSO2501508,PSO2501508,SP8510,AS952E,1002,2025/9/5 0:00
293,385,C7,PSO2500986,PSO2500986,SP8510,AS952E,4500,2025/9/2 0:00
294,386,C7,PSO2501416,PSO2501416,件8521,HB250UX-P1,15,2025/9/5 0:00
295,387,C7,PSO2501267,PSO2501267,SP8521,BNTHB250UZ,504,2025/9/5 0:00
296,388,C7,PSO2501415,PSO2501415,SP8521,BNTHB250UX,504,2025/9/5 0:00
297,389,C7,PSO2501432,PSO2501432,SP8521,BNTHB250SR,360,2025/9/5 0:00
298,390,C7,PSO2500739,PSO2500739,SP8526,BNTHB300TUZ,1002,2025/9/5 0:00
299,391,C7,PSO2500740,PSO2500740,SP8523,BNTHB150UZ,1002,2025/9/5 0:00
300,392,C7,PSO2500789,PSO2500789,SP8531,BRAS226E,2008,2025/9/2 0:00
301,393,C7,PSO2501186,PSO2501186,SP8531,BC430BRNC,25,2025/9/19 0:00
302,394,C7,PSO2501185,PSO2501185,SP8531,BC430BRNC,2510,2025/9/19 0:00
303,395,C7,PSO2501578,PSO2501578,SP8531,BRAS221SDE,2502,2025/9/18 0:00
304,396,C7,PSO2501649,PSO2501649,SP8521,BNTHBLV250UZ-PP44,504,2025/9/24 0:00
305,397,C7,PSO2501535,PSO2501535,SP8510,AS950E,3000,2025/9/19 0:00
306,398,C7,PSO2501608,PSO2501608,SP8510,AS950E,504,2025/9/19 0:00
307,399,C7,PSO2501013,PSO2501013,SP8510,AS953SE,19998,2025/10/7 0:00
308,400,C7,PSO2501308,PSO2501308,SP8510,AS952E,2502,2025/10/7 0:00
309,401,C7,PSO2501325,PSO2501325,SP8510,AS970E,2004,2025/10/7 0:00
310,402,C7,PSO2500991,PSO2500991,SP8510,AS952E,3900,2025/10/2 0:00
311,406,,PSO2501269,PSO2501269,件8521,HB250UZ-P1,15,2025/9/5 0:00
312,407,,PSO2501270,PSO2501270,件8521,HB250UZ-HSNG,30,2025/9/5 0:00
313,408,,PSO2501271,PSO2501271,件8521,HB250UZ-HTR,15,2025/9/5 0:00
314,409,,PSO2501272,PSO2501272,件8521,HB250UX-P4,15,2025/9/5 0:00
315,410,,PSO2501273,PSO2501273,件8521,HB250UX-P5,15,2025/9/5 0:00
316,411,,PSO2501274,PSO2501274,件8521,HB250UX-P7,15,2025/9/5 0:00
317,412,,PSO2501275,PSO2501275,件8521,HB250UX-P6,15,2025/9/5 0:00
318,413,,PSO2501276,PSO2501276,件8521,HB250UX-P13,15,2025/9/5 0:00
319,414,,PSO2501277,PSO2501277,件8521,HB250UX-P3,15,2025/9/5 0:00
320,415,,PSO2501278,PSO2501278,件8521,HB250UX-P25,30,2025/9/5 0:00
321,416,,PSO2501417,PSO2501417,件8521,HB250UX-HSNG,30,2025/9/5 0:00
322,417,,PSO2501418,PSO2501418,件8521,HB250UX-HTR,15,2025/9/5 0:00
323,418,,PSO2501419,PSO2501419,件8521,HB250UX-P4,15,2025/9/5 0:00
324,419,,PSO2501420,PSO2501420,件8521,HB250UX-P5,15,2025/9/5 0:00
325,420,,PSO2501421,PSO2501421,件8519,HB250UX-P7,15,2025/9/5 0:00
326,421,,PSO2501422,PSO2501422,件8519,HB250UX-P6,15,2025/9/5 0:00
327,422,,PSO2501423,PSO2501423,件8519,HB250UX-P13,15,2025/9/5 0:00
328,423,,PSO2501424,PSO2501424,件8521,HB250UX-P3,15,2025/9/5 0:00
329,424,,PSO2501425,PSO2501425,件8521,HB250UX-P25,50,2025/9/5 0:00
330,433,C8,PSO2501244,PSO2501244,SP8529,BNTMHBUZ,504,2025/8/10 0:00
331,434,C8,PSO2500859,PSO2500859,SP8896,BAB2676TTSDE,2508,2025/8/4 0:00
332,435,C8,PSO2501404,PSO2501404,SP8529,BNTMHBUX,504,2025/8/15 0:00
333,436,C8,PSO2501011,PSO2501011,SP8510,AS953SE,12005,2025/8/25 0:00
334,437,D4,PSO2501040,PSO2501040,SP8888,2764U,5004,2025/8/19 0:00
335,438,C8,PSO2500918,PSO2500918,SP8518,2973BRB,504,2025/8/30 0:00
336,439,C8,PSO2501763,PSO2501763,SP8518,2973BRB,2004,2025/12/10 0:00
337,440,C8,PSO2500772,PSO2500772,SP8515,AS914PE,11196,2025/9/2 0:00
338,442,C8,PSO2500962,PSO2500962,SP8510,AS952E,7500,2025/8/11 0:00
339,443,C8,PSO2500978,PSO2500978,SP8510,AS952E,7500,2025/9/2 0:00
340,444,C8,PSO2500803,PSO2500803,SP8832,AS86E,6102,2025/9/2 0:00
341,445,C8,PSO2501268,PSO2501268,SP8529,BNTMHBUZ,504,2025/9/5 0:00
342,446,C8,PSO2501401,PSO2501401,SP8528,VSHA2774A,1700,2025/9/5 0:00
343,447,C8,PSO2500758,PSO2500758,SP8528,AS774E,2700,2025/9/2 0:00
344,448,C8,PSO2501314,PSO2501314,SP8528,AS774E,2502,2025/9/2 0:00
345,449,C8,PSO2501566,PSO2501566,SP8888,2764U,3000,2025/9/12 0:00
346,450,C8,PSO2501350,PSO2501350,SP8888,2764U,2508,2025/9/22 0:00
347,451,C9,PSO2501442,PSO2501442,SP8506,BC193ES,2500,2025/9/22 0:00
348,452,C8,PSO2501635,PSO2501635,SP8878,VS8080A,2592,2025/9/25 0:00
349,459,C9,PSO2501209,PSO2501209,SP8886,BT178,7170,2025/8/19 0:00
350,460,C9,PSO2501389,PSO2501389,SP8525,BC114C,2503,2025/8/25 0:00
351,461,C9,PSO2501371,PSO2501371,SP8525,BC114RDC-DBLCRKTDR,9365,2025/8/22 0:00
352,462,C9,PSO2501390,PSO2501390,SP8886,BC178RC,2500,2025/8/25 0:00
353,463,C9,PSO2501282,PSO2501282,SP8891,BAB2770E,2700,2025/9/2 0:00
354,464,C9,PSO2501284,PSO2501284,SP8895,BAB2620E,3000,2025/9/2 0:00
355,465,C9,PSO2500930,PSO2500930,SP8896,BAB2676TTE,3300,2025/9/2 0:00
356,466,C9,PSO2501376,PSO2501376,SP8893,CD160NN,20004,2025/8/25 0:00
357,467,C9,PSO2501043,PSO2501043,SP8892,2885U,10008,2025/9/18 0:00
358,468,C9,PSO2501514,PSO2501514,SP8525,BC114C,2500,2025/9/19 0:00
359,469,C9,PSO2501283,PSO2501283,SP8891,BAB2770E,3900,2025/9/22 0:00
360,470,C9,PSO2501568,PSO2501568,SP8528,2774U,3000,2025/9/30 0:00
361,471,C9,PSO2501444,PSO2501444,SP8893,CD160CES,4000,2025/9/22 0:00
362,472,C9,PSO2501377,PSO2501377,SP8893,CD160NN,10002,2025/9/30 0:00
363,473,C9,PSO2501393,PSO2501393,SP8893,CD160NN,5001,2025/10/7 0:00
364,474,C9,PSO2501680,PSO2501680,SP8886,BNTA178,509,2025/10/3 0:00
365,481,YB1,RSO2500042,RSO2500042,SP8298,5344U,3504,2025/8/19 0:00
366,482,YB1,RSO2500046,RSO2500046,SP8316,257TN,28176,2025/9/1 0:00
367,483,YB1,RSO2500041,RSO2500041,SP9305,CGP8A,1512,2025/9/4 0:00
368,484,YB1,PSO2501166,PSO2501166,SP8360,D572DSDE,1248,2025/8/18 0:00
369,485,YB1,PSO2501115,PSO2501115,SP8360,D570DSDE,1248,2025/9/15 0:00
370,486,YB1,RSO2500043,RSO2500043,SP9305,CGP8A,1512,2025/9/5 0:00
371,488,YB1,RSO2500057,RSO2500057,SP8026,305,11776,2025/9/9 0:00
372,489,YB1,RSO2500058,RSO2500058,SP8026,305,11776,2025/9/9 0:00
373,490,YB1,RSO2500048,RSO2500048,SP8371,152TN,35508,2025/9/10 0:00
374,491,YB1,RSO2500045,RSO2500045,SP9319,FB27WES,2500,2025/9/22 0:00
375,492,YB1,RSO2500044,RSO2500044,SP9305,FB3SBES,2800,2025/9/22 0:00
376,493,YB1,RSO2500051,RSO2500051,SP9305,FB3SBES,200,2025/9/30 0:00
377,494,YB1,RSO2500063,RSO2500063,SP8026,305,11776,2025/9/26 0:00
378,506,L1,MSO2500076,MSO2500076,SP8288,5543BU,20004,2025/8/19 0:00
379,507,L1,MSO2500059,MSO2500059,SP8288,D215DE,9000,2025/9/2 0:00
380,508,L1,MSO2500090,MSO2500090,SP8298,5344E,6600,2025/9/2 0:00
381,509,L1,MSO2500107,MSO2500107,SP8538,BRAS150E,5004,2025/9/1 0:00
382,510,L1,MSO2500094,MSO2500094,SP8538,BRAS152E,2502,2025/9/2 0:00
383,511,L1,MSO2500103,MSO2500103,SP8515,AS126E,5004,2025/9/2 0:00
384,512,L1,MSO2500101,MSO2500101,SP8515,2136U,10008,2025/9/18 0:00
385,513,L1,PSO2500558,PSO2500558,SP8515,AS136E,6000,2025/10/2 0:00
386,514,L1,MSO2500104,MSO2500104,SP8515,AS126E,9000,2025/10/7 0:00
387,519,L2,MSO2500058,MSO2500058,SP8360,D572DE,24000,2025/8/11 0:00
388,520,L4,MSO2500062,MSO2500062,SP8360,D572DE,15000,2025/9/2 0:00
389,521,L2,MSO2500079,MSO2500079,SP8376,9142TU,15000,2025/9/18 0:00
390,522,L2,MSO2500106,MSO2500106,SP8538,BRAS150E,5502,2025/9/1 0:00
391,523,L2,MSO2500108,MSO2500108,SP8538,BRAS150E,10002,2025/9/1 0:00
392,524,L2,MSO2500098,MSO2500098,SP8532,AS95E,1200,2025/9/5 0:00
393,525,L2,MSO2500099,MSO2500099,SP8532,AS95E,3804,2025/9/2 0:00
394,526,L2,MSO2500109,MSO2500109,SP8538,BRAS150E,6300,2025/9/1 0:00
395,527,L2,MSO2500095,MSO2500095,SP8538,BRAS152E,2522,2025/10/3 0:00
396,532,L3,MSO2500058,MSO2500058,SP8360,D572DE,24000,2025/8/11 0:00
397,533,L3,MSO2500090,MSO2500090,SP8298,5344E,6600,2025/9/2 0:00
398,534,L3,MSO2500079,MSO2500079,SP8376,9142TU,15000,2025/9/18 0:00
399,535,L3,MSO2500091,MSO2500091,SP8298,5344E,7200,2025/9/2 0:00
400,536,L3,MSO2500093,MSO2500093,SP8298,5344E,3000,2025/9/9 0:00
401,537,L3,MSO2500074,MSO2500074,SP8288,5542DU,10008,2025/9/18 0:00
402,538,L3,MSO2500077,MSO2500077,SP8288,5543BU,10008,2025/9/18 0:00
403,539,L3,MSO2500063,MSO2500063,SP8288,D215DE,12300,2025/10/7 0:00
404,544,L4,MSO2500058,MSO2500058,SP8360,D572DE,24000,2025/8/11 0:00
405,545,L4,MSO2500062,MSO2500062,SP8360,D572DE,15000,2025/9/2 0:00
406,546,L4,PSO2501518,PSO2501518,SP8360,D570DCHE,2004,2025/9/8 0:00
407,547,L4,MSO2500083,MSO2500083,SP8360,5572U,2502,2025/8/15 0:00
408,548,L4,MSO2500084,MSO2500084,SP8360,5572U,5004,2025/8/19 0:00
409,549,L4,PSO2501168,PSO2501168,SP8360,D572DSDE,1260,2025/9/15 0:00
410,550,L4,MSO2500061,MSO2500061,SP8360,D570DE,10200,2025/9/2 0:00
411,551,L4,MSO2500085,MSO2500085,SP8360,5572U,5004,2025/9/30 0:00
412,552,L4,MSO2500066,MSO2500066,SP8360,D572DE,6000,2025/10/7 0:00
413,556,,MSO2500097,MSO2500097,SP8030,BRHD155E,2502,2025/10/3 0:00
414,557,,MSO2500121,MSO2500121,SP8016,BRHD215E,2502,2025/10/3 0:00
415,561,YB1,P-R2500293,TSO2500193,P8913,HS18RT,2240,2025/7/15 0:00
416,562,柬D1,P-R2500298,TSO2500125,P8372,420NR,3000,2025/6/16 0:00
417,563,柬D7,P-R2500195,TSO2500094,P8006,566DCN,5000,2025/6/18 0:00
418,564,柬D1,P-R2500332,TSO2500183,P8371,152B,5000,2025/6/20 0:00
419,565,柬D1,P-R2500291,TSO2500188,P8323,B307,2502,2025/7/7 0:00
420,566,柬D8,P-R2500307,TSO2500215,P8012,888,9000,2025/7/4 0:00
421,567,柬D2,P-R2500316,TSO2500221,P8322,BX2000,4524,2025/7/7 0:00
422,568,柬D2,P-R2500309,TSO2500194,P8323,B307,1254,2025/7/12 0:00
423,569,柬D8,P-R2500285,TSO2500178,P8316,247BW,10000,2025/7/2 0:00
424,570,柬D8,P-R2500286,TSO2500179,P8316,247BW,10000,2025/7/7 0:00
425,571,柬D1,P-R2500321,TSO2500185,P8271,169BIW,15000,2025/7/10 0:00
426,572,柬D3,P-R2500330,TSO2500127,P8019,998R,3000,2025/7/10 0:00
427,573,柬D8,P-R2500287,TSO2500180,P8316,247BW,10000,2025/7/12 0:00
428,574,柬D8,P-R2500300,TSO2500202,P8289,121KW,12000,2025/7/12 0:00
429,575,柬D1,P-R2500304,TSO2500206,P8381,209TPN,7500,2025/7/12 0:00
430,576,柬D8,P-R2500236,TSO2500154,P8316,247TPW,40000,2025/7/18 0:00
431,577,柬D7,P-R2500362,TSO2500210,P8006,565DCNR,7000,2025/7/12 0:00
432,578,柬D1,P-R2500301,TSO2500203,P8381,209BCX,6000,2025/7/15 0:00
433,579,柬D1,P-R2500302,TSO2500204,P8381,209BCX,6000,2025/7/19 0:00
434,580,柬D1,P-R2500305,TSO2500207,P8381,209TPN,7500,2025/7/19 0:00
435,581,柬D7,P-R2500361,TSO2500211,P8006,565DCNR,7000,2025/7/19 0:00
436,582,柬D5,P-R2500364,TSO2500214,P8390,753,3000,2025/7/19 0:00
437,583,柬D2,P-R2500336,TSO2500223,P8323,BP2800N,2502,2025/7/30 0:00
438,584,柬D2,P-R2500337,TSO2500224,P8323,BP2800N,2502,2025/8/2 0:00
439,585,柬D8,P-R2500351,TSO2500231,P8289,121KW,5000,2025/8/1 0:00
440,586,柬D8,P-R2500353,TSO2500233,P8316,247TPW,10000,2025/8/5 0:00
441,587,柬D8,P-R2500352,TSO2500232,P8289,121KW,7000,2025/8/8 0:00
442,588,柬D1,P-R2500303,TSO2500205,P8381,209BCX,8000,2025/7/25 0:00
443,589,柬D2,P-R2500317,TSO2500222,P8322,BX2000,4146,2025/7/26 0:00
444,590,柬D7,P-R2500358,TSO2500236,P8006,565DCNR,5000,2025/7/26 0:00
445,594,柬D7,P-R2500359,TSO2500212,P8006,565DCNR,7000,2025/7/26 0:00
446,595,柬D7,P-R2500357,TSO2500237,P8006,565DCNR,10000,2025/8/2 0:00
447,596,柬D7,P-R2500360,TSO2500213,P8006,565DCNR,7000,2025/8/2 0:00
448,597,柬D5,P-R2500363,TSO2500238,P8390,753,5000,2025/8/2 0:00
449,598,柬D8,P-R2500306,TSO2500208,P8316,247TPW,10000,2025/8/2 0:00
450,599,柬D1,P-R2500373,TSO2500247,P8371,152TN,11864,2025/8/5 0:00
451,600,柬D2,P-R2500310,TSO2500197,P8323,B307,1254,2025/8/11 0:00
452,601,柬D7,P-R2500435,TSO2500275,P8006,565L,10000,2025/8/12 0:00
453,602,柬D8,P-R2500371,TSO2500245,P8316,257TN(TARGET),18784,2025/8/15 0:00
454,603,柬D2,P-R2500382,TSO2500259,P8660,134BW,2500,2025/9/3 0:00
455,604,柬D5,P-R2500400,TSO2500281,P2583,HC244CM,7000,2025/9/4 0:00
456,605,柬D8,P-R2500372,TSO2500246,P8316,257TN(TARGET),18784,2025/9/16 0:00
457,606,柬D1,P-R2500374,TSO2500248,P8371,152TN,23672,2025/9/16 0:00
458,607,柬D8,P-R2500430,TSO2500250,P8289,121L,15000,2025/9/19 0:00
459,608,柬D8,P-R2500431,TSO2500251,P8289,121L,15000,2025/9/29 0:00
460,609,柬D1,P-R2500465,#N/A,P8381,209TGN,2000,2025/9/30 0:00
461,610,柬D1,P-R2500464,#N/A,P8381,209TPN,6000,2025/9/30 0:00
462,611,柬D7,P-R2500436,TSO2500253,P8006,565L,10000,2025/9/30 0:00
463,612,柬D7,P-R2500439,TSO2500290,P8006,565L,15000,2025/9/30 0:00
464,613,柬D8,P-R2500432,TSO2500278,P8289,121L,10000,2025/10/8 0:00
465,614,柬D8,P-R2500460,TSO2500302,P8316,247W,4000,2025/10/7 0:00
466,615,柬D8,P-R2500457,TSO2500300,P8316,247BW,10000,2025/10/7 0:00
467,616,柬D8,P-R2500459,TSO2500298,P8316,047BW,8000,2025/10/8 0:00
468,617,柬D8,P-R2500455,TSO2500295,P8289,121L,8000,2025/10/13 0:00
469,618,柬D8,P-R2500458,TSO2500301,P8316,247BW,30000,2025/10/17 0:00
470,619,柬D7,P-R2500462,#N/A,P8006,565L   (PC),10000,2025/12/1 0:00
471,620,柬D8,P-R2500463,#N/A,P8289,121L,12000,2025/12/1 0:00
472,624,柬C3,P-R2500292,TSO2500189,P8005,BNT9100,3072,2025/7/7 0:00
473,625,柬C6,P-R2500242,TSO2500163,SP8875,BC118R,6000,2025/7/1 0:00
474,626,柬C3,P-R2500323,TSO2500126,P8392,910NR,5000,2025/6/16 0:00
475,627,柬C3,P-R2500319,TSO2500216,P8392,910NR,5000,2025/7/5 0:00
476,628,柬C8,P-R2500320,TSO2500192,P8529,BNTMHBUC,4434,2025/7/7 0:00
477,629,柬C1,P-R2500340,TSO2500190,P8251,BP6685N,3000,2025/7/7 0:00
478,630,柬C6,P-R2500241,TSO2500164,P8875,BC120,12000,2025/7/10 0:00
479,631,柬C3,P-R2500308,TSO2500217,P8011,999,6000,2025/7/12 0:00
480,632,柬C3,P-R2500311,TSO2500198,P8005,BNT9100,4002,2025/7/12 0:00
481,633,柬C4,P-R2500313,TSO2500218,P8291,BNT5548,17604,2025/7/12 0:00
482,634,柬C1,P-R2500345,TSO2500195,P8251,BP6685N,3000,2025/7/12 0:00
483,635,柬C7,P-R2500339,TSO2500229,P8521,BNTHB250,2502,2025/7/13 0:00
484,636,柬C4,P-R2500350,TSO2500105,P8325,259RNRY,8000,2025/7/13 0:00
485,637,柬C8,P-R2500342,TSO2500225,P8886,BT178,2502,2025/7/14 0:00
486,638,柬C5,P-R2500273,TSO2500162,P8532,BC95,10002,2025/7/17 0:00
487,639,柬C3,P-R2500355,TSO2500209,P8285,263SR,2500,2025/7/17 0:00
488,640,柬C4,P-R2500356,TSO2500106,P8325,259RNRY,7000,2025/7/17 0:00
489,641,柬C8,P-R2500344,TSO2500230,P8529,BNTMHBUC,3300,2025/7/23 0:00
490,642,柬C3,P-R2500347,TSO2500240,P8011,999,3000,2025/7/25 0:00
491,643,柬C3,P-R2500354,TSO2500239,P8392,910NR,5000,2025/7/29 0:00
492,644,柬C4,P-R2500314,TSO2500219,P8291,BNT5548,12000,2025/7/30 0:00
493,645,柬C9,P-R2500324,TSO2500169,P8506,BC191NN,6000,2025/8/1 0:00
494,646,柬C4,P-R2500315,TSO2500220,P8291,BNT5548,9000,2025/8/4 0:00
495,647,柬C8,P-R2500343,TSO2500226,P8886,BT178,2502,2025/8/2 0:00
496,648,柬C7,P-R2500338,TSO2500227,P8521,BNTHB250,2502,2025/8/8 0:00
497,649,柬C1,P-R2500341,TSO2500196,P8251,BP6685N,3000,2025/8/11 0:00
498,650,柬C4,P-R2500348,TSO2500234,P8325,259WMTY,5000,2025/8/6 0:00
499,651,柬C4,P-R2500349,TSO2500235,P8325,259WMTY,7000,2025/8/13 0:00
500,652,柬C3,P-R2500312,TSO2500199,P8005,BNT9100,2502,2025/8/11 0:00
501,653,"柬拉
待定",P-R2500377,TSO2500156,P8535,BC610,6000,2025/8/13 0:00
502,654,"柬拉
待定",P-R2500376,TSO2500157,P8535,BC610,11000,2025/8/20 0:00
503,655,柬C8,P-R2500318,TSO2500200,P8529,BNTMHBUC,3000,2025/8/27 0:00
504,656,柬C6,P-R2500429,TSO2500284,P8875,BC118R,4002,2025/9/30 0:00
505,657,柬C3,P-R2500427,TSO2500256,P8392,910L,10000,2025/9/29 0:00
506,658,柬C3,P-R2500428,TSO2500277,P8392,910L,5000,2025/10/7 0:00
507,659,柬C1,P-R2500456,TSO2500303,P8228,BHOSPBK6689,2004,2025/10/7 0:00
508,663,,P-R2500325,MSO2500083,P8360,5572U,2502,2025/6/12 0:00
509,664,,P-R2500270,MSO2500078,SP8376,9142TU,20004,2025/7/5 0:00
510,665,,P-R2500268,MSO2500076,SP8288,5543BU(S202b),20004,2025/7/21 0:00
511,666,,P-R2500252,MSO2500061,P8360,D570DE,10200,2025/7/14 0:00
512,667,,P-R2500253,MSO2500062,P8360,D572DE,15000,2025/7/14 0:00
513,668,,P-R2500266,MSO2500074,SP8288,5542DU,10008,2025/7/30 0:00
514,669,,P-R2500269,MSO2500077,SP8288,5543BU,10008,2025/7/30 0:00
515,670,,P-R2500271,MSO2500079,SP8376,9142TU,15000,2025/7/30 0:00
516,671,,P-R2500254,MSO2500063,P8288,D215DE,12300,2025/8/18 0:00
517,672,,P-R2500327,RSO2500041,P9305,CGP8A,1512,2025/7/7 0:00
518,673,,P-R2500328,RSO2500042,P8298,5344U,3504,2025/7/10 0:00
519,674,,P-R2500326,MSO2500084,P8360,5572U,5004,2025/7/22 0:00
520,675,,P-R2500333,RSO2500028,P8316,257TN,14176,2025/6/30 0:00
521,676,,P-R2500375,RSO2500043,P9305,CGP8A,1512,2025/8/1 0:00
522,677,,P-R2500255,MSO2500064,P8360,D563DE,8100,2025/8/18 0:00
523,678,,P-R2500256,MSO2500065,P8360,D570DE,7200,2025/8/18 0:00
524,679,,P-R2500257,MSO2500066,P8360,D572DE,6000,2025/8/18 0:00
525,680,,P-R2500258,MSO2500067,P8288,D215DE,11100,2025/9/15 0:00
526,681,,P-R2500259,MSO2500068,P8360,D563DE,6000,2025/9/15 0:00
527,682,,P-R2500260,MSO2500069,P8360,D570DE,7800,2025/9/15 0:00
528,683,,P-R2500261,MSO2500070,P8360,D572DE,5400,2025/9/15 0:00
529,684,,P-R2500366,RSO2500046,P8316,257TN,28176,2025/7/18 0:00
530,685,,P-R2500368,RSO2500048,P8371,152TN,35508,2025/7/22 0:00
531,686,,P-R2500393,RSO2500044,接線奶嘴,FB3SBES,20000,2025/8/4 0:00
532,687,,P-R2500413,MSO2500106,P8538,BRAS150E,5502,2025/8/11 0:00
533,688,,P-R2500414,MSO2500107,P8538,BRAS150E,5004,2025/8/11 0:00
534,689,,P-R2500415,MSO2500108,P8538,BRAS150E,10002,2025/8/11 0:00
535,690,,P-R2500396,MSO2500090,P8298,5344E,6600,2025/8/18 0:00
536,691,,P-R2500397,MSO2500091,P8298,5344E,7200,2025/8/18 0:00
537,692,,P-R2500398,MSO2500092,P8298,5344E,6900,2025/8/18 0:00
538,693,,P-R2500416,MSO2500109,P8538,BRAS150E,6300,2025/8/18 0:00
539,694,,P-R2500406,MSO2500094,P8538,BRAS152E,2502,2025/8/18 0:00
540,698,,P-R2500409,MSO2500099,P8532,AS95E,3804,2025/8/18 0:00
541,699,,P-R2500410,MSO2500098,P8532,AS95E,1200,2025/8/18 0:00
542,700,,P-R2500422,MSO2500103,P8515,AS126E,9252,2025/8/18 0:00
543,701,,P-R2500388,RSO2500053,P8026,305,11776,2025/8/20 0:00
544,702,,P-R2500399,MSO2500093,P8298,5344E,3000,2025/8/25 0:00
545,703,,P-R2500394,RSO2500057,P8026,305,11776,2025/8/25 0:00
546,704,,P-R2500367,RSO2500047,P8316,257TN,28176,2025/8/26 0:00
547,705,,P-R2500369,RSO2500049,P8371,152TN,23672,2025/8/26 0:00
548,706,,P-R2500395,RSO2500058,P8026,305,11776,2025/8/28 0:00
549,707,,P-R2500385,MSO2500085,P8360,5572U,5004,2025/8/29 0:00
550,708,,P-R2500407,MSO2500095,P8538,BRAS152E,2502,2025/9/3 0:00
551,709,,P-R2500408,MSO2500097,P8030,BRHD155E,2502,2025/9/3 0:00
552,710,,P-R2500412,MSO2500101,P8515,2136U,10008,2025/9/3 0:00
553,711,,P-R2500383,MSO2500087,P8376,9142TU,5004,2025/9/8 0:00
554,712,,P-R2500384,MSO2500086,P8288,5542DU,4002,2025/9/8 0:00
555,713,,P-R2500386,RSO2500052,P8298,5344U,2508,2025/9/8 0:00
556,714,,P-R2500433,MSO2500100,P8532,AS95E,2502,2025/9/8 0:00
557,715,,P-R2500423,MSO2500104,P8515,AS126E,9000,2025/9/8 0:00
558,716,,P-R2500468,#N/A,P8016,BRHD215E,2502,2025/9/10 0:00
559,717,,P-R2500466,#N/A,P8016,BRHD225E,2502,2025/9/10 0:00
560,718,,P-R2500434,RSO2500063,P8026,305,11776,2025/9/15 0:00
561,719,,P-R2500411,MSO2500102,P8515,2136U,3000,2025/9/15 0:00
562,720,,P-R2500418,RSO2500056,P9305,CGP8A,1512,2025/9/15 0:00
563,721,,P-R2500443,MSO2500116,P8875,AS122E,2502,2025/9/13 0:00
564,722,,P-R2500453,RSO2500064,P8371,152B,4000,2025/9/15 0:00
565,723,,P-R2500437,MSO2500130,P8515,2136U,3000,2025/9/18 0:00
566,724,,P-R2500450,MSO2500131,P8288,5542DU,10008,2025/9/18 0:00
567,725,,P-R2500424,MSO2500133,P8288,5543BU,5004,2025/9/20 0:00
568,726,,P-R2500444,MSO2500117,P8875,AS122E,5400,2025/9/20 0:00
569,727,,P-R2500447,MSO2500118,P8360,D572DE,4500,2025/9/20 0:00
570,728,,P-R2500449,MSO2500119,P8022,D6555DE,2500,2025/9/20 0:00
571,729,,P-R2500467,#N/A,P8016,BRHD225E,2700,2025/9/20 0:00
572,730,,P-R2500469,#N/A,P8016,BRHD200E,2502,2025/9/20 0:00
573,734,,P-R2500419,RSO2500060,P9305,CGP8A,1512,2025/9/30 0:00
574,735,,P-R2500420,RSO2500061,P8298,5344U,2508,2025/9/30 0:00
575,736,,P-R2500421,RSO2500062,P8288,5543U,2502,2025/10/8 0:00
576,737,,P-R2500404,MSO2500111,P8016,BRHD210E,4200,2025/10/8 0:00
577,738,,P-R2500405,MSO2500112,P8016,BRHD210E,3900,2025/10/8 0:00
578,739,,P-R2500438,MSO2500105,P8515,AS126E,12000,2025/10/8 0:00
579,740,,P-R2500425,MSO2500110,P8538,BRAS150E,4500,2025/10/8 0:00
580,741,,P-R2500426,MSO2500096,P8538,BRAS152E,2502,2025/10/8 0:00
581,742,,P-R2500445,MSO2500129,P8360,5572U,2502,2025/10/8 0:00
582,743,,P-R2500451,MSO2500132,P8288,5542DU,10008,2025/10/8 0:00
583,744,,P-R2500461,MSO2500134,P8376,9142TU,5004,2025/10/8 0:00
584,745,,P-R2500452,MSO2500127,P8531,BRAS221E,2502,2025/10/13 0:00
585,746,,P-R2500446,MSO2500120,P8360,D563DE,3600,2025/10/13 0:00
586,747,,P-R2500402,MSO2500115,P8518,AS773E,2502,2025/11/10 0:00
587,748,,P-R2500403,MSO2500114,P8343,5549U,3504,2025/12/6 0:00
588,749,,P-R2500448,MSO2500113,P8016,BRHD210E,2502,2025/12/3 0:00
589,752,,P-R2400232,RSO2400084,P8026,305,50000,2024/12/30 0:00
